Type,Optimal distribution,Parameters,Exponential rate
MED,lognormal,"(3.9909090273645194, 0.8081820168400073)",74.99999999999997
EMERGENCY,lognormal,"(4.353684253613245, 0.5981893338066315)",93.00000000000003
GYN,lognormal,"(4.172846436626933, 0.6064031498312961)",78.0
GASTRO,lognormal,"(4.739650066345541, 0.5350735580101671)",131.99999999999997
ORTH,lognormal,"(4.878680875085606, 0.39280066831830807)",142.00000000000003
CARD,lognormal,"(4.469116985789697, 0.5020017217996223)",98.9999999999999
URO,lognormal,"(4.153803048758884, 0.49570771681944087)",72.0
