,deterministic optimal,deterministic with emergencies
70,8855.560000000001,11450.56
100,5816.560000000001,21450.160000000007
150,18431.56,57613.96000000001
200,39770.560000000005,104967.76000000001
